programmer;programming
programmer;chess
programmer;gaming
programmer;programming
programmer;chess
programmer;gaming
programmer;programming
programmer;chess
programmer;gaming
programmer;programming
programmer;chess
programmer;gaming
programmer;programming
programmer;chess
programmer;gaming
programmer;programming
programmer;chess
programmer;bodybuilding
programmer;flying
programmer;hiking
programmer;hiking
programmer;climbing
programmer;climbing
craftsman;bodybuilding
craftsman;hiking
craftsman;parachuting
craftsman;bodybuilding
craftsman;hiking
craftsman;parachuting
craftsman;bodybuilding
craftsman;hiking
craftsman;climbing
craftsman;climbing
craftsman;climbing
craftsman;climbing
craftsman;climbing
craftsman;climbing
craftsman;climbing
craftsman;bodybuilding
craftsman;hiking
craftsman;climbing
craftsman;bodybuilding
craftsman;hiking
craftsman;climbing
craftsman;bodybuilding
craftsman;hiking
craftsman;climbing
craftsman;bodybuilding
craftsman;hiking
craftsman;climbing
craftsman;bodybuilding
craftsman;hiking
craftsman;climbing
craftsman;bodybuilding
craftsman;hiking
craftsman;climbing
craftsman;bodybuilding
craftsman;hiking
craftsman;climbing
craftsman;programming
craftsman;programming